index,0
train_mae,0.004734910505394219
test_mae,0.010734757045763883
train_coverage,0.11149224375504066
train_width,0.042072693378970676
test_coverage,0.19338551958115546
test_width,0.04846496614858394
exit_iter,96.44560696081919
time_taken,0.7831103315518317
