index,0
train_mae,0.008017690095388788
test_mae,0.016635030492925192
train_coverage,0.9445454545454546
train_width,0.06003493673541174
test_coverage,0.86
test_width,0.07467757456365048
exit_iter,160.2
time_taken,2.6970000000000005
