index,0
train_mae,0.07025331124458559
test_mae,0.0636096418660784
train_coverage,0.06388472311508922
train_width,0.19266946685883218
test_coverage,0.14993621092630952
test_width,0.1917902110978555
exit_iter,147.47005092006768
time_taken,1.12982655743553
