index,0
train_mae,0.02051354798117538
test_mae,0.02495929570178035
train_coverage,0.9733333333333333
train_width,0.10731328957532835
test_coverage,0.9375
test_width,0.1192031302224627
exit_iter,255.18
time_taken,3.4190000000000005
