metrics,value
train_coverage,0.045592452106256565
test_coverage,0.13122266479195596
avg_ci_width_train,0.11426849725995153
avg_ci_width_test,0.12048157437112039
avg_lstm_weight,0.27951088547706604
exit_iter,17.15215224193781
time_taken,0.6600042087407895
