metrics,value
train_coverage,0.046826341770582244
test_coverage,0.12616801237611208
avg_ci_width_train,0.135786501159319
avg_ci_width_test,0.13647464429070913
avg_lstm_weight,0.30645015835762024
exit_iter,14.981839346491526
time_taken,0.3082861703219776
