metrics,value
train_coverage,0.036712407007989944
test_coverage,0.13822858914545447
avg_ci_width_train,0.11019103391736308
avg_ci_width_test,0.11185385734225758
avg_lstm_weight,0.29678788781166077
exit_iter,20.725701287955275
time_taken,1.5558356607221095
