metrics,value
train_coverage,0.012028090034155663
test_coverage,0.13353513639885656
avg_ci_width_train,0.22905071197143367
avg_ci_width_test,0.2259908550910681
avg_lstm_weight,4.566161737693515e-05
exit_iter,49.276827356128706
time_taken,0.5048629728106357
