metrics,value
train_coverage,0.014452003448158949
test_coverage,0.14276782922361916
avg_ci_width_train,0.26069379696014455
avg_ci_width_test,0.25837504079363266
avg_lstm_weight,0.00021955648005146728
exit_iter,20.578659443457337
time_taken,0.2395529188029849
