metrics,value
train_coverage,0.01616580290029249
test_coverage,0.08824392214718453
avg_ci_width_train,0.08528684005681827
avg_ci_width_test,0.1091565457722331
avg_lstm_weight,0.006408206775445668
exit_iter,2.5606121717037804
time_taken,0.04540195886171351
