metrics,value
train_coverage,0.014820123609197986
test_coverage,0.06313453403451318
avg_ci_width_train,0.0989851198176876
avg_ci_width_test,0.11707948772054426
avg_lstm_weight,0.09968094955062984
exit_iter,1.9975495191941182
time_taken,0.039948947011741606
