index,0
train_mae,0.011033184460338468
test_mae,0.019878425773666872
train_coverage,0.9039393939393938
train_width,0.10029035293950939
test_coverage,0.8475
test_width,0.11830873414150896
exit_iter,163.08
time_taken,10.013333333333334
