index,0
train_mae,0.005983794583992986
test_mae,0.01179499492189842
train_coverage,0.1438575101531052
train_width,0.08701284622059824
test_coverage,0.2426075397990486
test_width,0.09589092998196849
exit_iter,193.39352288501686
time_taken,6.344426375311328
