index,0
train_mae,0.005496251154675956
test_mae,0.014378068816446323
train_coverage,0.1446418752993173
train_width,0.0766178031527082
test_coverage,0.23809672618582595
test_width,0.08850764987978721
exit_iter,186.0549633515728
time_taken,5.788239709466113
