index,0
train_mae,0.005290457066403511
test_mae,0.0120308345375798
train_coverage,0.15376072491204448
train_width,0.07228441913813473
test_coverage,0.2509675155822981
test_width,0.07831235898004463
exit_iter,182.5418364124135
time_taken,4.528117197188465
