index,0
train_mae,0.03962952431834218
test_mae,0.061553916333452224
train_coverage,0.9663636363636363
train_width,0.1977396597964608
test_coverage,0.855
test_width,0.22492461865001254
lstm_weight,0.49542881058870974
exit_iter,35.54
time_taken,2.541333333333333
