index,0
train_mae,0.0838994830334432
test_mae,0.09730381877076635
train_coverage,0.9760606060606061
train_width,0.3683396368672699
test_coverage,0.93
test_width,0.40469641317944766
lstm_weight,0.43587489462729295
exit_iter,12.4
time_taken,2.118666666666667
