index,0
train_mae,0.045751232334822645
test_mae,0.05607679318111654
train_coverage,0.01704605578545209
train_width,0.20069444680349457
test_coverage,0.32167649169021106
test_width,0.20095828617724432
lstm_weight,0.06411641651881837
exit_iter,85.9959752261816
time_taken,0.5225283032184946
