index,0
train_mae,0.0331309543391483
test_mae,0.06843285020436383
train_coverage,0.9642424242424242
train_width,0.17171970054780125
test_coverage,0.78
test_width,0.19785121795415855
lstm_weight,0.5006656470985419
exit_iter,58.7
time_taken,3.1420000000000003
