index,0
train_mae,0.034570362368594
test_mae,0.04842117005099823
train_coverage,0.13607438572818686
train_width,0.14270536502660003
test_coverage,0.17864284286285428
test_width,0.15937658122944934
lstm_weight,0.11706603234604432
exit_iter,53.469125174616195
time_taken,1.5231425623710089
