index,0
train_mae,0.06326057263709975
test_mae,0.07717689232359226
train_coverage,0.9693939393939394
train_width,0.29421841266396087
test_coverage,0.9025
test_width,0.3161977119837392
lstm_weight,0.4601818044305622
exit_iter,19.58
time_taken,2.254
