index,0
train_mae,0.006397198853883979
test_mae,0.030633962248780944
train_coverage,0.014357683075131588
train_width,0.05246785688511885
test_coverage,0.17971065179155893
test_width,0.07389784465839275
lstm_weight,0.01130493310046586
exit_iter,41.07665308385566
time_taken,0.7699129732603276
