index,0
train_mae,0.010933493991930485
test_mae,0.022931915122135056
train_coverage,0.015393856611856738
train_width,0.0650292721561825
test_coverage,0.15227861146662747
test_width,0.09042801030728265
lstm_weight,0.03532554456366375
exit_iter,21.56736953296411
time_taken,0.4211424910080035
