index,0
train_mae,0.027366771136697724
test_mae,0.045398097255137874
train_coverage,0.3438113934197575
train_width,0.10316808054101849
test_coverage,0.3488684331857346
test_width,0.11318297076829352
lstm_weight,0.08324282464043725
exit_iter,7.053758587028735
time_taken,0.10358702674004855
