index,0
train_mae,0.03145154863846096
test_mae,0.0895368394972782
train_coverage,0.9827272727272728
train_width,0.18085255659133279
test_coverage,0.5875
test_width,0.2021402961735493
lstm_weight,0.4900626070745278
exit_iter,95.72
time_taken,1.7560000000000002
