index,0
train_mae,0.031231054711737708
test_mae,0.07150140336822523
train_coverage,0.9666666666666666
train_width,0.16938026600751976
test_coverage,0.765
test_width,0.19871101679390224
lstm_weight,0.5029610870982212
exit_iter,75.12
time_taken,3.2826666666666666
