index,0
train_mae,0.052080975689612966
test_mae,0.053684603396943954
train_coverage,0.02032558582436099
train_width,0.1810167091150579
test_coverage,0.11338934190276817
test_width,0.18836939997500152
lstm_weight,0.09157734474973175
exit_iter,4.72509583101178
time_taken,0.10950517439808331
