index,0
train_mae,0.05249626323550784
test_mae,0.06956358388438377
train_coverage,0.6584848484848485
train_width,0.14993770956818162
test_coverage,0.635
test_width,0.16028345125152943
lstm_weight,0.558201945592356
exit_iter,4.14
time_taken,0.8156666666666668
