index,0
train_mae,0.04853244030739348
test_mae,0.0667084661911823
train_coverage,0.933030303030303
train_width,0.3030757668268681
test_coverage,0.91
test_width,0.3274310908773532
lstm_weight,0.4629652790002634
exit_iter,78.54
time_taken,3.377333333333334
