index,0
train_mae,0.007928982322327586
test_mae,0.027485097741391008
train_coverage,0.01427915368179275
train_width,0.05294527522961574
test_coverage,0.18481927189908018
test_width,0.058177089898846845
lstm_weight,0.020779163298309596
exit_iter,34.13254476661384
time_taken,0.7031854956338628
