index,0
train_mae,0.04067599515793798
test_mae,0.04243269717594644
train_coverage,0.01717747608573721
train_width,0.1490777161524241
test_coverage,0.12446313280876162
test_width,0.14744282918296384
lstm_weight,0.054160993663015126
exit_iter,8.483092428051055
time_taken,0.18881898132801844
