index,0
train_mae,0.028925686817257178
test_mae,0.046013286676929784
train_coverage,0.13642374817451877
train_width,0.11928889167954086
test_coverage,0.1489975003214511
test_width,0.1298272667719847
lstm_weight,0.11709059238901066
exit_iter,50.649451515051084
time_taken,1.3857807626011642
