index,0
train_mae,0.004711552687528126
test_mae,0.010464381429614169
train_coverage,0.10166434177029052
train_width,0.06936333620784348
test_coverage,0.1267982891148338
test_width,0.07772913000514811
exit_iter,134.82228514392037
time_taken,1.072897194526426
