index,0
train_mae,0.004818977378438093
test_mae,0.012264991319791429
train_coverage,0.08395646040354748
train_width,0.05811705477914374
test_coverage,0.11869292398488476
test_width,0.0679309216969506
exit_iter,72.5084090830512
time_taken,0.7367040652925664
