index,0
train_mae,0.010155224610426283
test_mae,0.019846620908290452
train_coverage,0.9590909090909091
train_width,0.09707326267229668
test_coverage,0.9275
test_width,0.11851317534513321
exit_iter,116.0
time_taken,2.2546666666666666
