metrics,value
train_coverage,0.01894155831788672
test_coverage,0.17070158350831105
avg_ci_width_train,0.17089041318709922
avg_ci_width_test,0.16584185782895491
avg_word2vec_weight,0.20375860685833985
exit_iter,1.958758457257441
time_taken,0.03794613678692674
