metrics,value
train_coverage,0.0160494587981962
test_coverage,0.13776643944275652
avg_ci_width_train,0.10847329809997423
avg_ci_width_test,0.13060432394204108
avg_word2vec_weight,0.13252621748558066
exit_iter,2.3647064796066926
time_taken,0.028620988762312657
