metrics,value
train_coverage,0.017541817826281204
test_coverage,0.10975970971878078
avg_ci_width_train,0.322774554462548
avg_ci_width_test,0.3167802267711851
avg_lstm_weight,0.051956846256395316
exit_iter,90.41961363892375
time_taken,0.5663745745795433
