metrics,value
train_coverage,0.01887217508721844
test_coverage,0.11240074987040155
avg_ci_width_train,0.3436204605896532
avg_ci_width_test,0.33085786873974554
avg_lstm_weight,0.05444691014884301
exit_iter,88.44091997786212
time_taken,0.5045193712023032
