metrics,value
train_coverage,0.9545454545454546
test_coverage,0.875
avg_ci_width_train,0.25325118056041085
avg_ci_width_test,0.2791542469308349
avg_lstm_weight,0.9999260981940619
exit_iter,124.0
time_taken,1.5416666666666667
