metrics,value
train_coverage,0.013416421833170322
test_coverage,0.12446313280876162
avg_ci_width_train,0.1706836930717534
avg_ci_width_test,0.17393554002225123
avg_lstm_weight,0.00015115625587347603
exit_iter,14.87017285764784
time_taken,0.1715065960004318
