index,0
train_mae,0.010280825952069503
test_mae,0.020038381210251782
train_coverage,0.9378787878787879
train_width,0.1024622172680454
test_coverage,0.905
test_width,0.12301535133014391
exit_iter,138.84
time_taken,2.3903333333333334
