index,0
train_mae,0.027884591370821
test_mae,0.03933647647500038
train_coverage,0.8457575757575759
train_width,0.19396896261031832
test_coverage,1.0
test_width,0.2655325994910672
time_taken,0.5013333333333333
