index,0
train_mae,0.0624455101788044
test_mae,0.06913863867521286
train_coverage,0.8566666666666669
train_width,0.36991107101760334
test_coverage,0.9775
test_width,0.37089531216106847
time_taken,0.48733333333333334
