index,0
train_mae,0.01638408564031124
test_mae,0.02907625213265419
train_coverage,0.07977651454772379
train_width,0.09855673885607899
test_coverage,0.04851099181145045
test_width,0.1101684286036396
time_taken,0.054768115589828095
