index,0
train_mae,0.01028570719063282
test_mae,0.03331177681684494
train_coverage,0.06978228759345348
train_width,0.055559460717755346
test_coverage,0.0
test_width,0.13239805743825986
time_taken,0.05290216872475372
