index,0
train_mae,0.004276941002101308
test_mae,0.012762627470796699
train_coverage,0.14114977350184515
train_width,0.0748897305957564
test_coverage,0.17598121421078455
test_width,0.08196917679678482
exit_iter,126.94983100357689
time_taken,1.0675277667957022
