index,0
train_mae,0.003651825501083545
test_mae,0.009966610950345014
train_coverage,0.12907258718887163
train_width,0.04516914713451437
test_coverage,0.21183118037624166
test_width,0.0529309738465068
exit_iter,153.08863112456078
time_taken,1.2950542586624771
