index,0
train_mae,0.07116192579269409
test_mae,0.07828962057828903
train_coverage,1.0
train_width,0.48363270884968074
test_coverage,1.0
test_width,0.49248885432264067
time_taken,0.4953333333333333
