index,0
train_mae,0.08614934235811234
test_mae,0.10551823675632477
train_coverage,0.9996969696969696
train_width,0.5441961354242896
test_coverage,1.0
test_width,0.5620980540208058
time_taken,0.5206666666666667
