index,0
train_mae,0.0215745996683836
test_mae,0.04527062922716141
train_coverage,0.0
train_width,0.07709385322573621
test_coverage,0.0
test_width,0.13141252529474057
time_taken,0.047385139800605235
