index,0
train_mae,0.02575806900858879
test_mae,0.04651280492544174
train_coverage,0.002142747821777415
train_width,0.09696195344557607
test_coverage,0.0
test_width,0.14044707176532642
time_taken,0.05287215574012193
