index,0
train_mae,0.00806528888642788
test_mae,0.021861165761947632
train_coverage,0.015210152459533218
train_width,0.042802417804635874
test_coverage,0.0
test_width,0.11753284990281966
time_taken,0.0481647305592097
