index,0
train_mae,0.00824474653381488
test_mae,0.016235167066689055
train_coverage,0.9587878787878787
train_width,0.0915222658927724
test_coverage,0.9325
test_width,0.10777676004656012
exit_iter,241.18
time_taken,3.410666666666667
