metrics,value
train_coverage,0.016317724210531934
test_coverage,0.12825274658580502
avg_ci_width_train,0.26525005371094623
avg_ci_width_test,0.26156947284263604
avg_lstm_weight,0.05999179143200576
exit_iter,92.1301440103843
time_taken,0.5262640902324406
