metrics,value
train_coverage,0.01727267302446752
test_coverage,0.10412414097938036
avg_ci_width_train,0.3075679290234718
avg_ci_width_test,0.30536326216067666
avg_lstm_weight,0.040140230980384405
exit_iter,85.13690295575685
time_taken,0.49321059329905276
