metrics,value
train_coverage,0.04706585405357074
test_coverage,0.14153405157453114
avg_ci_width_train,0.15279326584868339
avg_ci_width_test,0.14769566109978188
avg_lstm_weight,0.2560982406139374
exit_iter,14.018122381476086
time_taken,1.0117742773013243
