metrics,value
train_coverage,0.04773794679943673
test_coverage,0.14153405157453114
avg_ci_width_train,0.14283878326485838
avg_ci_width_test,0.14103651631918962
avg_lstm_weight,0.2747880220413208
exit_iter,14.795324689004335
time_taken,0.2971758604992876
