metrics,value
train_coverage,0.016999267459802462
test_coverage,0.09066787339132931
avg_ci_width_train,0.07592907713476138
avg_ci_width_test,0.09355421778143794
avg_lstm_weight,0.02352495876841824
exit_iter,2.110807950544443
time_taken,0.03499271061118826
