metrics,value
train_coverage,0.015908722792218995
test_coverage,0.08001913036574314
avg_ci_width_train,0.10688866616666655
avg_ci_width_test,0.11741909235881548
avg_lstm_weight,0.06961273564103099
exit_iter,2.1204543217462253
time_taken,0.03659083066683358
